{
  "lambda": 0.0,
  "train_episodes": 1000,
  "by_shot": {
    "1shot": {
      "dice": 0.8648861217498779,
      "iou": 0.7663285487890243,
      "hd95": 34.235422525442004,
      "asd": 9.381447577743629,
      "n": 200,
      "n_surface": 200,
      "surface_excluded_frac": 0.0
    },
    "5shot": {
      "dice": 0.8628384345769882,
      "iou": 0.7622571191191674,
      "hd95": 32.78349077457018,
      "asd": 8.468365362831921,
      "n": 200,
      "n_surface": 200,
      "surface_excluded_frac": 0.0
    }
  }
}