{
  "lambda": 0.5,
  "train_episodes": 1000,
  "by_shot": {
    "1shot": {
      "dice": 0.8414619493484498,
      "iou": 0.7375090298056602,
      "hd95": 62.03805902761037,
      "asd": 19.96461266090723,
      "n": 200,
      "n_surface": 200,
      "surface_excluded_frac": 0.0
    },
    "5shot": {
      "dice": 0.8457944056391716,
      "iou": 0.7436083877086639,
      "hd95": 64.98623156219276,
      "asd": 20.775038202179513,
      "n": 200,
      "n_surface": 200,
      "surface_excluded_frac": 0.0
    }
  }
}