{
  "lambda": 0.3,
  "train_episodes": 1000,
  "by_shot": {
    "1shot": {
      "dice": 0.8569795995950699,
      "iou": 0.7589149428904056,
      "hd95": 53.866154855823105,
      "asd": 16.66539821518013,
      "n": 200,
      "n_surface": 200,
      "surface_excluded_frac": 0.0
    },
    "5shot": {
      "dice": 0.8630210903286933,
      "iou": 0.7672501093149185,
      "hd95": 54.76311500462711,
      "asd": 16.747741183019443,
      "n": 200,
      "n_surface": 200,
      "surface_excluded_frac": 0.0
    }
  }
}