{
  "lambda": 0.1,
  "train_episodes": 1000,
  "by_shot": {
    "1shot": {
      "dice": 0.8737667548656464,
      "iou": 0.7824818386137485,
      "hd95": 44.75928724188557,
      "asd": 12.84288439840552,
      "n": 200,
      "n_surface": 200,
      "surface_excluded_frac": 0.0
    },
    "5shot": {
      "dice": 0.8762919500470161,
      "iou": 0.7855177479982376,
      "hd95": 41.12134408746403,
      "asd": 12.114524153505501,
      "n": 200,
      "n_surface": 200,
      "surface_excluded_frac": 0.0
    }
  }
}