{
  "by_shot": {
    "1shot": {
      "dice": 0.8795437420407931,
      "iou": 0.7928776211539904,
      "hd95": 44.96483754802177,
      "asd": 13.472368920161196,
      "n": 300,
      "n_surface": 300,
      "surface_excluded_frac": 0.0
    },
    "5shot": {
      "dice": 0.8849503992994626,
      "iou": 0.8001495788494746,
      "hd95": 43.11996588332351,
      "asd": 12.326037765759926,
      "n": 300,
      "n_surface": 300,
      "surface_excluded_frac": 0.0
    }
  },
  "by_shot_lcc": {
    "1shot": {
      "dice": 0.9294234975179037,
      "iou": 0.8704812465111414,
      "hd95": 2.9369747988802133,
      "asd": 0.9911203038833947,
      "n": 300,
      "n_surface": 300,
      "surface_excluded_frac": 0.0
    },
    "5shot": {
      "dice": 0.9262475782654446,
      "iou": 0.8669651900750162,
      "hd95": 3.4198058994518434,
      "asd": 1.3207224083176925,
      "n": 300,
      "n_surface": 300,
      "surface_excluded_frac": 0.0
    }
  },
  "model": "be_hpg_nossp"
}