{
  "by_shot": {
    "1shot": {
      "dice": 0.8798822826147079,
      "iou": 0.7933964771032334,
      "hd95": 44.831628833818826,
      "asd": 13.414473897877057,
      "n": 300,
      "n_surface": 300,
      "surface_excluded_frac": 0.0
    },
    "5shot": {
      "dice": 0.8852624479929606,
      "iou": 0.8006348499655723,
      "hd95": 43.08851394359897,
      "asd": 12.269613403788775,
      "n": 300,
      "n_surface": 300,
      "surface_excluded_frac": 0.0
    }
  },
  "by_shot_lcc": {
    "1shot": {
      "dice": 0.9295490248998006,
      "iou": 0.8706981074810028,
      "hd95": 2.9339676836017823,
      "asd": 0.9894858722967064,
      "n": 300,
      "n_surface": 300,
      "surface_excluded_frac": 0.0
    },
    "5shot": {
      "dice": 0.9263289972167998,
      "iou": 0.8670953698974638,
      "hd95": 3.4180955215892688,
      "asd": 1.319943255719231,
      "n": 300,
      "n_surface": 300,
      "surface_excluded_frac": 0.0
    }
  },
  "model": "be_hpg"
}