{
  "by_shot": {
    "1shot": {
      "dice": 0.8976463758945465,
      "iou": 0.8177209633588791,
      "hd95": 12.762005170400828,
      "asd": 3.7703751766057887,
      "n": 300,
      "n_surface": 300,
      "surface_excluded_frac": 0.0
    },
    "5shot": {
      "dice": 0.8902499081691106,
      "iou": 0.806573667327563,
      "hd95": 12.986480849282731,
      "asd": 4.017061664929307,
      "n": 300,
      "n_surface": 300,
      "surface_excluded_frac": 0.0
    }
  },
  "by_shot_lcc": {
    "1shot": {
      "dice": 0.9054696522156398,
      "iou": 0.8303797404964764,
      "hd95": 3.511705113329891,
      "asd": 1.3565644352846147,
      "n": 300,
      "n_surface": 300,
      "surface_excluded_frac": 0.0
    },
    "5shot": {
      "dice": 0.8976669130722682,
      "iou": 0.819337594906489,
      "hd95": 4.035611924194162,
      "asd": 1.4062985235368592,
      "n": 300,
      "n_surface": 300,
      "surface_excluded_frac": 0.0
    }
  },
  "model": "meta_reweight"
}