{
  "by_shot": {
    "1shot": {
      "dice": 0.8778901376326879,
      "iou": 0.7868321432669958,
      "hd95": 28.261051304465255,
      "asd": 7.505181695986354,
      "n": 300,
      "n_surface": 300,
      "surface_excluded_frac": 0.0
    },
    "5shot": {
      "dice": 0.8680681049823761,
      "iou": 0.771516410112381,
      "hd95": 30.20735687976618,
      "asd": 7.966328491515401,
      "n": 300,
      "n_surface": 300,
      "surface_excluded_frac": 0.0
    }
  },
  "by_shot_lcc": {
    "1shot": {
      "dice": 0.8960514940818151,
      "iou": 0.8151234100262325,
      "hd95": 3.8046077653669212,
      "asd": 1.5453224285366762,
      "n": 300,
      "n_surface": 300,
      "surface_excluded_frac": 0.0
    },
    "5shot": {
      "dice": 0.8870498116811116,
      "iou": 0.8003499460220337,
      "hd95": 4.066734262426649,
      "asd": 1.6913188764392995,
      "n": 300,
      "n_surface": 300,
      "surface_excluded_frac": 0.0
    }
  },
  "model": "protonet"
}